Precio	Expensas	Calle	Altura	Piso	Ubicacion	Detalles	Caracteristicas	Descripción	Publicado	Visualizaciones	Link	Amenities	Losa_Central	Aire_Acond	Apto_Credito	Cochera	Seguridad	Luminoso	Balcon_Aterrazado
USD 232.300	N/A	Avenida Cabildo al	4600	0	Núñez, Capital Federal	69 m² tot. | 3 amb. | 2 dorm. | 1 baño	Apto profesional | Cantidad plantas: 1 | Parrilla | Pileta | Solarium | Superficie Semicubierta (m²): 7 | Encargado / Vigilancia | Lavadero | Balcón | Aire acondicionado | Vigilancia | SUM	Sin descripción	N/A		https://www.zonaprop.com.ar/propiedades/clasificado/veclapin-venta-departamento-3-ambientes-nunez-full-amenities-58602816.html?n_src=Listado&n_pills=Parrilla&n_pg=1&n_pos=1	1	0	1	0	0	1	0	1
USD 100.000	$ 180.000 Expensas	Vidt	1700	0	Palermo, Capital Federal	41 m² tot. | 2 amb. | 1 dorm. | 1 baño	Apto profesional | Cantidad plantas: 1 | Departamentos por piso: 2 | Ascensor | Cocina | Comedor | Balcón | Living | Living comedor | Hall | Cocina equipada	Sin descripción	N/A		https://www.zonaprop.com.ar/propiedades/clasificado/veclapin-2-ambientes-reciclado-super-luminoso-apto-prof.-58542614.html?n_src=Listado&n_pills=Terraza&n_pg=1&n_pos=2	0	0	0	0	0	0	0	1
USD 920.000	N/A	Av Cordoba al	5400	0	Palermo, Capital Federal	449 m² tot.	Frente del terreno (mts): 8 | Largo del terreno (mts): 53	Sin descripción	N/A		https://www.zonaprop.com.ar/propiedades/clasificado/vecltrin-terreno-venta-palermo-57483197.html?n_src=Listado&n_pg=1&n_pos=3	0	0	0	0	0	0	0	0
USD 118.000	N/A	Rio de Janeiro	570	0	Caballito, Capital Federal	39 m² tot. | 2 amb. | 1 dorm. | 1 baño	Apto profesional | Cantidad pisos en edificio: 14 | Cantidad plantas | Sala de juegos | Parrilla | Permite mascotas | Pileta | Solarium | Departamentos por piso: 5 | Servicio de limpieza | Laundry | Internet / Wifi | Living comedor | Cocina equipada | SUM	Sin descripción	N/A		https://www.zonaprop.com.ar/propiedades/clasificado/veclapin-venta-hermoso-departamento-2-ambientes-a-estrenar-en-57626063.html?n_src=Listado&n_pills=Laundry&n_pg=1&n_pos=5	1	0	0	0	0	0	0	0
USD 140.000	$ 300.000 Expensas	Cullen al	4900	0	Villa Urquiza, Capital Federal	60 m² tot. | 3 amb. | 2 dorm. | 1 baño | 1 coch.	Cantidad plantas: 1 | Apto crédito | Permite mascotas | Cobertura cochera: Descubierta | Superficie Semicubierta (m²): 6 | Encargado / Vigilancia | Ascensor | Cocina | Comedor | Comedor de diario | Terraza | Balcón | Living | Living comedor | Hall | Aire acondicionado | Calefacción | Vigilancia	Sin descripción	N/A		https://www.zonaprop.com.ar/propiedades/clasificado/veclapin-venta-departamento-3-ambientes-en-villa-urquiza-con-57897018.html?n_src=Listado&n_pills=Encargado&n_pg=1&n_pos=6	0	0	1	1	1	1	0	1
USD 140.000	$ 240.000 Expensas	Avenida Santa Fe	5300	5º	Belgrano, Capital Federal	88 m² tot. | 3 amb. | 2 dorm. | 1 baño	Apto profesional | Cantidad plantas: 1 | Apto crédito | Permite mascotas | Superficie Semicubierta (m²): 0 | Cocina | Balcón | Aire acondicionado | Calefacción	Sin descripción	N/A		https://www.zonaprop.com.ar/propiedades/clasificado/veclapin-3-ambientes-con-2-patios.-excelente-ubicacion!-56273143.html?n_src=Listado&n_pills=Apto+cr%C3%A9dito&n_pg=1&n_pos=7	0	0	1	1	0	0	0	1
USD 59.000	N/A	Terrada	26	0	Flores, Capital Federal	28 m² tot. | 2 amb. | 1 dorm. | 1 baño	Cantidad plantas: 1 | Superficie Semicubierta (m²): 0 | Internet / Wifi | Ascensor | Cocina | Living comedor | Termotanque	Sin descripción	N/A		https://www.zonaprop.com.ar/propiedades/clasificado/veclapin-venta-departamento-2-ambientes-flores-luminoso-57605969.html?n_src=Listado&n_pills=Luminoso&n_pg=1&n_pos=9	0	0	0	0	0	0	0	0
USD 720.000	$ 850.000 Expensas	Seguí al 4500 Esquina Oro	N/A	N/A	Palermo Nuevo, Palermo	195 m² tot. | 6 amb. | 4 dorm. | 3 baños | 1 coch.	Cantidad plantas: 5 o más | Apto crédito | Cobertura cochera: Cubierta | Superficie Semicubierta (m²): 10 | Encargado / Vigilancia | Ascensor | Cocina | Comedor | Comedor de diario | Lavadero | Balcón | Living | Baulera | Living comedor | Dormitorio en suite | Vigilancia	Sin descripción	N/A		https://www.zonaprop.com.ar/propiedades/clasificado/veclapin-6-ambientes-en-segui-y-oro-con-cochera-palermo-56286978.html?n_src=Listado&n_pills=Encargado&n_pg=1&n_pos=10	0	0	0	1	1	1	0	1
USD 1.500.000	$ 1.400.000 Expensas	Godoy Cruz al	3000	0	Palermo, Capital Federal	254 m² tot. | 4 amb. | 3 dorm. | 2 baños | 3 coch.	Cantidad plantas: 3 | Apto crédito | Parrilla | Permite mascotas | Gimnasio | Pileta | Cobertura cochera: Cubierta | Solarium | Superficie Semicubierta (m²): 0 | Laundry | Encargado / Vigilancia | Ascensor | Cocina | Comedor | Comedor de diario | Dependencia servicio | Terraza | Lavadero | Balcón | Living | Baulera | Living comedor | Dormitorio en suite | Vestidor | Hall | Aire acondicionado | Sauna | Quincho | Vigilancia | SUM	Sin descripción	N/A		https://www.zonaprop.com.ar/propiedades/clasificado/veclapin-quartier-demaria-piso-alto-3-dorm.-y-dependencia-58340272.html?n_src=Listado&n_pills=Encargado&n_pg=1&n_pos=11	1	0	1	1	1	1	0	1
USD 230.000	$ 180.000 Expensas	Av Comodoro Martín Rivadavia al	1600	0	Núñez, Capital Federal	60 m² tot. | 2 amb. | 1 dorm. | 1 baño	Cantidad plantas: 1 | Apto crédito | Superficie Semicubierta (m²): 8 | Ascensor | Cocina | Balcón | Living | Living comedor | Dormitorio en suite	Sin descripción	N/A		https://www.zonaprop.com.ar/propiedades/clasificado/veclapin-venta-departamento-2-ambientes-amplio-balcon-nunez-57661925.html?n_src=Listado&n_pills=Luminoso&n_pg=1&n_pos=13	0	0	0	1	0	0	0	1
USD 220.000	$ 300.000 Expensas	Junín	1100	0	Recoleta, Capital Federal	81 m² tot. | 3 amb. | 2 dorm. | 1 baño	Cantidad plantas: 5 o más | Apto crédito | Permite mascotas | Ascensor | Cocina | Comedor | Dependencia servicio | Lavadero | Balcón | Living | Aire acondicionado | Calefacción	Sin descripción	N/A		https://www.zonaprop.com.ar/propiedades/clasificado/veclapin-departamento-3-ambientes-dependencia-en-recoleta-58562898.html?n_src=Listado&n_pills=Apto+cr%C3%A9dito&n_pg=1&n_pos=14	0	0	1	1	0	0	0	1
USD 98.888	N/A	Rojas	1892	0	Villa Crespo, Capital Federal	37 m² tot. | 1 amb. | 1 baño	Cantidad plantas: 1 | Gimnasio | Pileta | Solarium | Superficie Semicubierta (m²): 4 | Laundry | Balcón | Living comedor | Vestidor | Aire acondicionado | SUM	Sin descripción	N/A		https://www.zonaprop.com.ar/propiedades/clasificado/veclapin-departamento-en-venta-de-1-ambiente-en-villa-crespo-de-57789403.html?n_src=Listado&n_pills=Pileta&n_pg=1&n_pos=15	1	0	1	0	0	0	0	1
USD 165.000	N/A	ESMERALDA 100. Entre Bartolome mitre y Rivadavia, av.	N/A	N/A	Centro / Microcentro, Capital Federal	91 m² tot. | 4 amb. | 3 dorm. | 2 baños	Superficie Semicubierta (m²): 0 | Balcón | Living comedor	Sin descripción	N/A		https://www.zonaprop.com.ar/propiedades/clasificado/veclapin-venta-departamento-4-ambientes-centro-58601153.html?n_src=Listado&n_pills=Luminoso&n_pg=1&n_pos=17	0	0	0	0	0	0	0	1
USD 78.468	N/A	Montañeses	2200	0	Barrio Chino, Belgrano	26 m² tot. | 1 amb. | 1 baño	Apto profesional | Cantidad plantas: 1 | Parrilla | Superficie Semicubierta (m²): 2 | Laundry | Internet / Wifi	Sin descripción	N/A		https://www.zonaprop.com.ar/propiedades/clasificado/veclapin-departamento-mono-ambiente-en-venta-belgrano-barrio-55177129.html?n_src=Listado&n_pills=Laundry&n_pg=1&n_pos=18	1	0	0	0	0	0	0	0
USD 2.800.000	N/A	Del Libertador Av. al	3800	0	Palermo, Capital Federal	363 m² tot. | 4 amb. | 3 dorm.	Cantidad plantas: 1 | Gimnasio | Pileta | Superficie Semicubierta (m²): 0 | Ascensor | Cocina | Dependencia servicio | Lavadero | Balcón | Living comedor | Dormitorio en suite | Escritorio | Hall | SUM	Sin descripción	N/A		https://www.zonaprop.com.ar/propiedades/clasificado/veclapin-lavenue-58228005.html?n_src=Listado&n_pills=Dormitorio+en+suite&n_pg=1&n_pos=19	1	0	0	0	0	0	0	1
USD 229.000	$ 480.000 Expensas	Honduras al	6000	0	Palermo, Capital Federal	78 m² tot. | 4 amb. | 3 dorm. | 1 baño | 1 coch.	Cantidad plantas: 1 | Permite mascotas | Pileta | Cobertura cochera: Cubierta | Superficie Semicubierta (m²): 2 | Encargado / Vigilancia | Ascensor | Cocina | Comedor de diario | Lavadero | Balcón | Living | Living comedor | Vigilancia	Sin descripción	N/A		https://www.zonaprop.com.ar/propiedades/clasificado/veclapin-departamento-en-venta-en-palermo-4-ambientes-bano-y-57661736.html?n_src=Listado&n_pills=Apto+cr%C3%A9dito&n_pg=1&n_pos=21	1	0	0	0	1	1	0	1
USD 365.000	$ 600.000 Expensas	Olleros al	2300	0	Belgrano, Capital Federal	121 m² tot. | 4 amb. | 3 dorm. | 3 baños | 2 coch.	Cantidad plantas: 1 | Cobertura cochera: Cubierta | Superficie Semicubierta (m²): 7 | Encargado / Vigilancia | Ascensor | Cocina | Comedor de diario | Lavadero | Baulera | Aire acondicionado | Vigilancia	Sin descripción	N/A		https://www.zonaprop.com.ar/propiedades/clasificado/veclapin-departamento-4-ambientes-en-belgrano-58476395.html?n_src=Listado&n_pills=Luminoso&n_pg=1&n_pos=22	0	0	1	0	1	1	0	0
USD 61.000	$ 138.000 Expensas	Valentín Gómez al	2600	0	Balvanera, Capital Federal	52 m² tot. | 2 amb. | 1 dorm. | 1 baño	Cantidad plantas: 5 o más | Apto crédito | Superficie Semicubierta (m²): 1 | Encargado / Vigilancia | Internet / Wifi | Ascensor | Patio | Lavadero | Living | Aire acondicionado | Vigilancia	Sin descripción	N/A		https://www.zonaprop.com.ar/propiedades/clasificado/veclapin-departamento-de-2-ambientes-en-balvanera-ideal-58619594.html?n_src=Listado&n_pills=Pileta&n_pg=1&n_pos=23	0	0	1	1	0	1	0	0
USD 80.000	$ 127.000 Expensas	Avenida San Juan al	4100	0	Boedo, Capital Federal	40 m² tot. | 2 amb. | 1 dorm. | 1 baño	Cantidad plantas: 1 | Apto crédito | Permite mascotas | Superficie Semicubierta (m²): 0 | Encargado / Vigilancia | Ascensor | Cocina | Balcón | Living comedor | Vigilancia	Sin descripción	N/A		https://www.zonaprop.com.ar/propiedades/clasificado/veclapin-venta-departamento-2-ambientes-40-m-sup2--en-boedo-58714579.html?n_src=Listado&n_pills=Luminoso&n_pg=1&n_pos=24	0	0	0	1	0	1	0	1
USD 214.900	$ 529.900 Expensas	Av. Corrientes al	4200	0	Almagro, Capital Federal	97 m² tot. | 4 amb. | 3 dorm. | 2 baños	Apto profesional | Cantidad plantas: 5 o más | Apto crédito | Parrilla | Permite mascotas | Pileta | Superficie Semicubierta (m²): 3 | Encargado / Vigilancia | Ascensor | Cocina | Balcón | Living comedor | Dormitorio en suite | Aire acondicionado | Vigilancia | SUM	Sin descripción	N/A		https://www.zonaprop.com.ar/propiedades/clasificado/veclapin-departamento-de-4-ambientes-en-almagro-a-estrenar-56850750.html?n_src=Listado&n_pills=Apto+cr%C3%A9dito&n_pg=1&n_pos=25	1	0	1	1	0	1	0	1
USD 145.000	N/A	PH 5 amb con Terraza Propia SIN Expensas Sarachaga al 5400 Villa Luro	N/A	N/A	Villa Luro, Capital Federal	113 m² tot. | 5 amb. | 4 dorm. | 2 baños	Frente del terreno (mts): 0 | Apto profesional | Largo del terreno (mts): 0 | Cantidad plantas: 2 | Apto crédito | Parrilla | Permite mascotas | Superficie Semicubierta (m²): 24 | Cocina | Comedor | Patio | Comedor de diario | Dependencia servicio | Terraza | Altillo | Lavadero | Living | Baulera | Living comedor | Hall | Aire acondicionado | Calefacción | Quincho	Sin descripción	N/A		https://www.zonaprop.com.ar/propiedades/clasificado/veclphin-ph-5-amb-con-terraza-sin-expensas-58056425.html?n_src=Listado&n_pills=Parrilla&n_pg=1&n_pos=26	1	0	1	1	0	0	0	1
USD 183.000	$ 178.000 Expensas	Vidal al 2000 -	2	0	Belgrano, Capital Federal	60 m² tot. | 2 amb. | 1 dorm. | 1 baño	Apto profesional | Cantidad plantas: 1 | Permite mascotas | Gimnasio | Pileta | Superficie Semicubierta (m²): 6 | Encargado / Vigilancia | Ascensor | Cocina | Lavadero | Balcón | Living comedor | Aire acondicionado | Vigilancia | SUM	Sin descripción	N/A		https://www.zonaprop.com.ar/propiedades/clasificado/veclapin-sky-vidal-2080-2-ambientes-toilette-balcon-58052314.html?n_src=Listado&n_pills=Encargado&n_pg=1&n_pos=27	1	0	1	0	0	1	0	1
USD 1.400.000	N/A	Mariscal Antonio Jose de Sucre al	4000	0	Belgrano, Capital Federal	534 m² tot. | 5 dorm. | 5 baños | 3 coch.	Frente del terreno (mts): 8 | Largo del terreno (mts): 50 | Sala de juegos | Parrilla | Pileta | Cobertura cochera: Cubierta | Solarium | Cocina | Comedor | Patio | Comedor de diario | Sótano | Dependencia servicio | Terraza | Lavadero | Balcón | Living | Baulera | Living comedor | Dormitorio en suite | Escritorio | Vestidor | Hall | Jardín | Aire acondicionado | Alarma | Calefacción | Quincho	Sin descripción	N/A		https://www.zonaprop.com.ar/propiedades/clasificado/veclcain-sucre-y-tronador-57538489.html?n_src=Listado&n_pills=Quincho&n_pg=1&n_pos=28	1	0	1	0	1	0	0	1
USD 275.000	$ 400.000 Expensas	Av. Santa Fe al	3200	0	Palermo, Capital Federal	111 m² tot. | 4 amb. | 3 dorm. | 3 baños	Cantidad plantas: 1 | Permite mascotas | Superficie Semicubierta (m²): 0 | Encargado / Vigilancia | Ascensor | Cocina | Comedor | Comedor de diario | Lavadero | Balcón | Living | Living comedor | Escritorio | Aire acondicionado | Calefacción | Vigilancia	Sin descripción	N/A		https://www.zonaprop.com.ar/propiedades/clasificado/veclapin-departamento-4-ambientes-en-venta-palermo-58109508.html?n_src=Listado&n_pills=Encargado&n_pg=1&n_pos=29	0	0	1	0	0	1	0	1
USD 169.000	N/A	Uriarte al	2200	0	Palermo Soho, Palermo	53 m² tot. | 2 amb. | 1 dorm. | 1 baño	Cantidad plantas: 1 | Parrilla | Solarium | Superficie Semicubierta (m²): 8 | Laundry | Cocina | Comedor | Living | SUM	Sin descripción	N/A		https://www.zonaprop.com.ar/propiedades/clasificado/veclapin-venta-2-ambientes-a-estrenar-con-balcon-y-amenities-57863977.html?n_src=Listado&n_pills=Laundry&n_pg=1&n_pos=30	1	0	0	0	0	0	0	0
USD 750.000	$ 1.800.000 Expensas	Soldado de la Independencia al	800	0	Las Cañitas, Palermo	239 m² tot. | 5 amb. | 4 dorm. | 3 baños | 2 coch.	Cantidad plantas: 1 | Parrilla | Pileta | Cobertura cochera: Cubierta | Solarium | Superficie Semicubierta (m²): 19 | Encargado / Vigilancia | Ascensor | Cocina | Comedor de diario | Dependencia servicio | Lavadero | Balcón | Baulera | Living comedor | Dormitorio en suite | Vestidor | Hall | Aire acondicionado | Caldera | Termotanque | Quincho | Vigilancia | SUM	Sin descripción	N/A		https://www.zonaprop.com.ar/propiedades/clasificado/veclapin-venta-piso-de-5-ambientes-con-balcon-2-cocheras-58051214.html?n_src=Listado&n_pills=Pileta&n_pg=2&n_pos=1	1	0	1	0	1	1	0	1
USD 210.000	$ 600.000 Expensas	Amenabar al 1800	5	0	Belgrano, Capital Federal	91 m² tot. | 3 amb. | 2 dorm. | 1 baño | 1 coch.	Cantidad plantas: 1 | Apto crédito | Permite mascotas | Cobertura cochera: Cubierta | Superficie Semicubierta (m²): 2 | Encargado / Vigilancia | Ascensor | Cocina | Comedor de diario | Dependencia servicio | Lavadero | Balcón | Living comedor | Hall | Aire acondicionado | Vigilancia	Sin descripción	N/A		https://www.zonaprop.com.ar/propiedades/clasificado/veclapin-departamento-venta-3-ambientes-balcon-cochera-58541805.html?n_src=Listado&n_pills=Encargado&n_pg=2&n_pos=2	0	0	1	1	1	1	0	1
USD 135.000	N/A	Olazabal al	1400	0	Belgrano, Capital Federal	44 m² tot. | 1 amb. | 1 dorm. | 1 baño	Apto profesional | Superficie Semicubierta (m²): 0 | Cocina | Balcón | Living comedor	Sin descripción	N/A		https://www.zonaprop.com.ar/propiedades/clasificado/veclapin-oportunidad-para-inversion-loft-de-44-m-en-la-mejor-57710408.html?n_src=Listado&n_pg=2&n_pos=3	0	0	0	0	0	0	0	1
USD 330.000	N/A	BUCARELLI 1700. Entre Balivian y Atenas	N/A	N/A	Parque Chas, Capital Federal	214 m² tot. | 5 amb. | 4 dorm. | 2 baños	Parrilla | Superficie Semicubierta (m²): 0 | Patio | Living comedor | Escritorio	Sin descripción	N/A		https://www.zonaprop.com.ar/propiedades/clasificado/veclcain-reservado-casa-5-ambientes-venta-parque-cha-57947166.html?n_src=Listado&n_pills=Luminoso&n_pg=2&n_pos=5	1	0	0	0	0	0	0	0
USD 215.000	N/A	PIZARRO 7533. Entre Fragata Trinidad y Jose Leon Suarez	N/A	N/A	Mataderos, Capital Federal	156 m² tot. | 4 amb. | 3 dorm. | 2 baños	Cantidad plantas: 2 | Parrilla | Hidromasaje | Terraza | Lavadero	Sin descripción	N/A		https://www.zonaprop.com.ar/propiedades/clasificado/veclphin-ph-4-amb-al-fte-1er-piso-por-esc-con-terraza-y-58651157.html?n_src=Listado&n_pills=Parrilla&n_pg=2&n_pos=6	1	0	0	0	0	0	0	1
USD 270.000	$ 480.000 Expensas	Palpa al	2300	0	Belgrano, Capital Federal	134 m² tot. | 4 amb. | 3 dorm. | 2 baños | 1 coch.	Cantidad plantas: 1 | Cobertura cochera: Cubierta | Superficie Semicubierta (m²): 8 | Encargado / Vigilancia | Internet / Wifi | Ascensor | Cocina | Comedor | Comedor de diario | Dependencia servicio | Lavadero | Balcón | Living | Baulera | Living comedor | Dormitorio en suite | Aire acondicionado | Calefacción | Vigilancia	Sin descripción	N/A		https://www.zonaprop.com.ar/propiedades/clasificado/veclapin-4-ambientes-con-dependencia-y-con-cochera-belgrano-58293755.html?n_src=Listado&n_pills=Luminoso&n_pg=2&n_pos=7	0	0	1	0	1	1	0	1
USD 150.000	$ 50.000 Expensas	Azcuénaga e/ Marcelo Torcuato de Alvear y Avenida Santa Fe	N/A	N/A	Recoleta, Capital Federal	62 m² tot. | 3 amb. | 2 dorm. | 1 baño	Cantidad plantas: 1 | Superficie Semicubierta (m²): 2 | Ascensor | Cocina | Living comedor | Calefacción	Sin descripción	N/A		https://www.zonaprop.com.ar/propiedades/clasificado/veclapin-departamento-en-venta-2-dorm.-2-banos-recoleta-58172822.html?n_src=Listado&n_pills=Luminoso&n_pg=2&n_pos=9	0	0	0	0	0	0	0	0
USD 179.000	N/A	Cervantes	800	0	Floresta, Capital Federal	151 m² tot. | 6 amb. | 4 dorm. | 2 baños | 1 coch.	Frente del terreno (mts): 0 | Largo del terreno (mts): 0 | Cantidad plantas: 2 | Cobertura cochera: Cubierta | Superficie Semicubierta (m²): 0 | Cocina | Comedor de diario | Terraza | Lavadero	Sin descripción	N/A		https://www.zonaprop.com.ar/propiedades/clasificado/veclphin-venta-ph-tipo-casa-4-ambientes-con-cochera-58690161.html?n_src=Listado&n_pills=Terraza&n_pg=2&n_pos=10	0	0	0	0	1	0	0	1
USD 120.000	N/A	Pringles	1200	0	Villa Crespo, Capital Federal	45 m² tot. | 1 amb. | 1 dorm. | 1 baño | 1 coch.	Cantidad plantas: 1 | Parrilla | Permite mascotas | Cobertura cochera: Descubierta | Superficie Semicubierta (m²): 6 | Ascensor | Comedor | Balcón | Living | Aire acondicionado | Calefacción | SUM	Sin descripción	N/A		https://www.zonaprop.com.ar/propiedades/clasificado/veclapin-monoambiente-divisible-de-42-m-sup2--con-balcon-56370837.html?n_src=Listado&n_pills=Terraza&n_pg=2&n_pos=11	1	0	1	0	1	0	0	1
USD 737.000	$ 694.709 Expensas	OLLEROS 1900. Entre Esquina Av. Luis Maria Campos	N/A	N/A	Belgrano, Capital Federal	142 m² tot. | 5 amb. | 3 dorm. | 4 baños | 1 coch.	Gimnasio | Pileta | Solarium | Superficie Semicubierta (m²): 2 | Encargado / Vigilancia | Cocina | Comedor | Dependencia servicio | Lavadero | Balcón | Living | Dormitorio en suite | Hall | Aire acondicionado | Calefacción | Quincho | Vigilancia | SUM	Sin descripción	N/A		https://www.zonaprop.com.ar/propiedades/clasificado/veclapin-oppel-departamento-en-venta-belgrano-capital-47899327.html?n_src=Listado&n_pills=Dormitorio+en+suite&n_pg=2&n_pos=13	1	0	1	0	1	1	0	1
USD 390.000	N/A	Uruguay al	500	0	San Nicolás, Capital Federal	52 m² tot. | 2 baños	Frente del terreno (mts): 0 | Largo del terreno (mts): 0 | Cantidad plantas: 1 | Cocina	Sin descripción	N/A		https://www.zonaprop.com.ar/propiedades/clasificado/vecllcin-venta-local-tribunales-en-esquina-56708638.html?n_src=Listado&n_pg=2&n_pos=14	0	0	0	0	0	0	0	0
USD 100.000	N/A	Av. Caseros	700	0	San Telmo, Capital Federal	39 m² tot. | 1 amb. | 1 baño	Parrilla | Superficie Semicubierta (m²): 0 | Laundry | Balcón | Aire acondicionado | SUM	Sin descripción	N/A		https://www.zonaprop.com.ar/propiedades/clasificado/veclapin-departamento-en-venta-en-san-telmo-55674548.html?n_src=Listado&n_pills=Laundry&n_pg=2&n_pos=15	1	0	1	0	0	0	0	1
USD 72.500	$ 150.000 Expensas	Avenida Jujuy al	1900	0	Parque Patricios, Capital Federal	30 m² tot. | 1 amb. | 1 baño	Apto profesional | Parrilla | Permite mascotas | Solarium | Superficie Semicubierta (m²): 3 | Laundry | Ascensor | Cocina | Comedor | Terraza | Lavadero | Balcón | Living | Living comedor | Escritorio | Hall | Aire acondicionado | SUM	Sin descripción	N/A		https://www.zonaprop.com.ar/propiedades/clasificado/veclapin-departamento-de-1-ambiente-a-estrenar-parque-patricios-56485396.html?n_src=Listado&n_pills=Parrilla&n_pg=2&n_pos=17	1	0	1	0	0	0	0	1
USD 90.000	N/A	Monasterio	150	0	Parque Patricios, Capital Federal	246 m² tot. | 4 amb. | 3 dorm. | 4 baños	Cantidad plantas: 2 | Permite mascotas | Internet / Wifi | Cocina | Comedor | Patio | Comedor de diario | Sótano | Dependencia servicio | Terraza | Lavadero | Balcón | Living | Baulera | Living comedor | Escritorio | Hall | Termotanque | Cocina equipada	Sin descripción	N/A		https://www.zonaprop.com.ar/propiedades/clasificado/veclphin-venta-ph-5-ambientes-patio-terraza-sotano-parque-58686554.html?n_src=Listado&n_pills=Luminoso&n_pg=2&n_pos=18	0	0	0	0	0	0	0	1
USD 1.400.000	$ 1 Expensas	Guatemala	5100	0	Palermo Soho, Palermo	216 m² tot. | 4 amb. | 3 dorm. | 3 baños | 3 coch.	Cantidad plantas: 1 | Parrilla | Permite mascotas | Gimnasio | Pileta | Cobertura cochera: Cubierta | Solarium | Superficie Semicubierta (m²): 0 | Hidromasaje | Laundry | Encargado / Vigilancia | Ascensor | Cocina | Comedor | Comedor de diario | Dependencia servicio | Lavadero | Balcón | Living | Baulera | Dormitorio en suite | Vestidor | Hall | Jardín | Aire acondicionado | Sauna | Calefacción | Quincho | Vigilancia | SUM	Sin descripción	N/A		https://www.zonaprop.com.ar/propiedades/clasificado/veclapin-torre-bella!-todos-los-amenities!-3-dorm-c-dep.-3-58340344.html?n_src=Listado&n_pills=Parrilla&n_pg=2&n_pos=19	1	0	1	0	1	1	0	1
USD 76.900	$ 110.000 Expensas	Paraguay	5200	0	Palermo Hollywood, Palermo	31 m² tot. | 1 amb. | 1 dorm. | 1 baño	Apto profesional | Cantidad plantas: 1 | Apto crédito | Superficie Semicubierta (m²): 0 | Ascensor | Cocina | Balcón | Termotanque	Sin descripción	N/A		https://www.zonaprop.com.ar/propiedades/clasificado/veclapin-venta-departamento-monoambiente-palermo-hollywood-apto-57481759.html?n_src=Listado&n_pills=Apto+cr%C3%A9dito&n_pg=2&n_pos=21	0	0	0	1	0	0	0	1
USD 119.000	$ 200.000 Expensas	Av Cordoba	6200	0	Colegiales, Capital Federal	70 m² tot. | 3 amb. | 2 dorm. | 1 baño	Cantidad pisos en edificio: 8 | Permite mascotas | Departamentos por piso: 3 | Ascensor | Cocina | Balcón | Living comedor | Hall	Sin descripción	N/A		https://www.zonaprop.com.ar/propiedades/clasificado/veclapin-3-amb-en-colegiales-al-frte.-super-luminoso-con-57170189.html?n_src=Listado&n_pg=2&n_pos=22	0	0	0	0	0	0	0	1
USD 129.000	N/A	Deheza al	4800	0	Saavedra, Capital Federal	60 m² tot. | 2 amb. | 1 dorm. | 1 baño	Cantidad plantas: 2 | Permite mascotas | Superficie Semicubierta (m²): 3 | Internet / Wifi | Balcón | Living | Living comedor | Aire acondicionado	Sin descripción	N/A		https://www.zonaprop.com.ar/propiedades/clasificado/veclapin-departamento-2-ambientes-amplios-en-saavedra-58183116.html?n_src=Listado&n_pills=Apto+cr%C3%A9dito&n_pg=2&n_pos=23	0	0	1	0	0	0	0	1
USD 178.000	N/A	Griveo al	3900	0	Villa Devoto, Capital Federal	125 m² tot. | 3 amb. | 2 dorm. | 1 baño	Parrilla | Permite mascotas | Superficie Semicubierta (m²): 12 | Cocina | Patio | Terraza | Lavadero | Living comedor | Dormitorio en suite | Quincho	Sin descripción	N/A		https://www.zonaprop.com.ar/propiedades/clasificado/veclphin-ph-de-3-ambientes-con-patio-quincho-con-parrilla-y-57404056.html?n_src=Listado&n_pills=Quincho&n_pg=2&n_pos=24	1	0	0	0	0	0	0	1
USD 325.000	N/A	Caracas al	2000	0	La Paternal, Capital Federal	355 m² tot. | 6 amb. | 3 dorm. | 2 baños | 2 coch.	Frente del terreno (mts): 8 | Largo del terreno (mts): 17 | Cantidad plantas: 3 | Cobertura cochera: Cubierta | Solarium | Superficie Semicubierta (m²): 0 | Cocina | Comedor | Patio | Comedor de diario | Terraza | Lavadero | Balcón | Living | Baulera | Living comedor | Dormitorio en suite | Jardín | Quincho	Sin descripción	N/A		https://www.zonaprop.com.ar/propiedades/clasificado/veclcain-casa-en-villa-gral.-mitre-con-cochera-57022293.html?n_src=Listado&n_pills=Parrilla&n_pg=2&n_pos=25	1	0	0	0	1	0	0	1
USD 162.900	$ 254.000 Expensas	Scalabrini Ortiz al	2700	0	Palermo, Capital Federal	66 m² tot. | 3 amb. | 2 dorm. | 1 baño	Cantidad plantas: 1 | Apto crédito | Permite mascotas | Superficie Semicubierta (m²): 1 | Encargado / Vigilancia | Cocina | Lavadero | Baulera | Living comedor | Vigilancia	Sin descripción	N/A		https://www.zonaprop.com.ar/propiedades/clasificado/veclapin-venta-departamento-3-ambientes-palermo-chico-57160428.html?n_src=Listado&n_pills=Encargado&n_pg=2&n_pos=26	0	0	0	1	0	1	0	0
USD 340.000	N/A	Arcos al	4600	0	Núñez, Capital Federal	130 m² tot. | 4 amb. | 3 dorm. | 1 baño | 1 coch.	Frente del terreno (mts): 8 | Largo del terreno (mts): 15 | Cantidad plantas: 2 | Permite mascotas | Cobertura cochera: Descubierta | Superficie Semicubierta (m²): 0 | Cocina | Comedor | Patio | Comedor de diario | Terraza | Lavadero | Balcón | Living | Baulera | Living comedor | Calefacción | Termotanque	Sin descripción	N/A		https://www.zonaprop.com.ar/propiedades/clasificado/veclcain-venta-casa-en-lomas-de-nunez-3-dorm.-c-patio-56923164.html?n_src=Listado&n_pills=Parrilla&n_pg=2&n_pos=27	0	0	0	0	1	0	0	1
USD 80.000	$ 92.000 Expensas	Avenida Córdoba e/ Armenia y Malabia	N/A	N/A	Villa Urquiza, Capital Federal	37 m² tot. | 2 amb. | 1 dorm. | 1 baño	Apto profesional | Cantidad plantas: 1 | Permite mascotas | Superficie Semicubierta (m²): 0 | Ascensor | Cocina | Comedor | Comedor de diario | Lavadero | Living | Living comedor | Calefacción	Sin descripción	N/A		https://www.zonaprop.com.ar/propiedades/clasificado/veclapin-departamento-en-venta-1-dormitorio-1-bano-villa-58240670.html?n_src=Listado&n_pills=Luminoso&n_pg=2&n_pos=28	0	0	0	0	0	0	0	0
USD 540.000	$ 360.000 Expensas	Avenida del Libertador al	7400	0	Núñez, Capital Federal	90 m² tot. | 3 amb. | 2 dorm. | 2 baños | 1 coch.	Cantidad plantas: 1 | Sala de juegos | Permite mascotas | Gimnasio | Cobertura cochera: Cubierta | Solarium | Superficie Semicubierta (m²): 5 | Hidromasaje | Laundry | Encargado / Vigilancia | Internet / Wifi | Comedor de diario | Balcón | Dormitorio en suite | Escritorio | Jardín | Aire acondicionado | Sauna | Calefacción | Quincho | Vigilancia | SUM	Sin descripción	N/A		https://www.zonaprop.com.ar/propiedades/clasificado/veclapin-venta-dos-dorm.-en-suite-en-piso-muy-alto-quantum-58439057.html?n_src=Listado&n_pills=SUM&n_pg=2&n_pos=29	1	0	1	0	1	1	0	1
USD 119.000	$ 220.000 Expensas	Manuel Artigas	5100	0	Mataderos, Capital Federal	61 m² tot. | 3 amb. | 2 dorm. | 1 baño | 1 coch.	Cantidad plantas: 5 o más | Apto crédito | Parrilla | Permite mascotas | Internet / Wifi | Ascensor | Cocina | Comedor | Balcón | Living | Living comedor | Hall | Aire acondicionado | Calefacción | Vigilancia	Sin descripción	N/A		https://www.zonaprop.com.ar/propiedades/clasificado/veclapin-venta-dto-3-amb-mataderos-c-balcon-y-cochera-58634254.html?n_src=Listado&n_pills=Apto+cr%C3%A9dito&n_pg=2&n_pos=30	1	0	1	1	1	1	0	1
USD 144.000	$ 30.000 Expensas	San Nicolás	3100	0	Villa del Parque, Capital Federal	85 m² tot. | 3 amb. | 2 dorm. | 1 baño	Frente del terreno (mts): 8 | Largo del terreno (mts): 39 | Cantidad plantas: 1 | Apto crédito | Parrilla | Cocina | Comedor | Patio | Comedor de diario | Lavadero | Balcón | Living | Living comedor | Aire acondicionado | Calefacción	Sin descripción	N/A		https://www.zonaprop.com.ar/propiedades/clasificado/veclphin-venta.-ph-3-ambientes.-patio-y-balcon.-villa-del-58681493.html?n_src=Listado&n_pills=Apto+cr%C3%A9dito&n_pg=3&n_pos=1	1	0	1	1	0	0	0	1
USD 113.000	$ 116.000 Expensas	Ángel Justiniano Carranza	2300	0	Palermo Hollywood, Palermo	40 m² tot. | 1 amb. | 1 baño	Cantidad pisos en edificio: 17 | Encargado / Vigilancia | Ascensor | Cocina | Lavadero | Balcón | Living comedor | Aire acondicionado | Calefacción | Vigilancia	Sin descripción	N/A		https://www.zonaprop.com.ar/propiedades/clasificado/veclapin-impec-piso-alto!-todo-a-nuevo!-espectacular-vista-58619798.html?n_src=Listado&n_pills=Encargado&n_pg=3&n_pos=2	0	0	1	0	0	1	0	1
USD 170.000	N/A	Anchorena al	800	0	Palermo, Capital Federal	61 m² tot. | 3 amb. | 2 dorm. | 1 baño	Cantidad plantas: 1 | Apto crédito | Superficie Semicubierta (m²): 2 | Internet / Wifi | Cocina | Comedor | Comedor de diario | Lavadero | Balcón | Aire acondicionado | Caldera	Sin descripción	N/A		https://www.zonaprop.com.ar/propiedades/clasificado/veclapin-departamento-de-3-ambientes-en-palermo-58450974.html?n_src=Listado&n_pills=Apto+cr%C3%A9dito&n_pg=3&n_pos=3	0	0	1	1	0	0	0	1
USD 110.000	$ 100.000 Expensas	Juramento	3300	0	Belgrano R, Belgrano	53 m² tot. | 3 amb. | 2 dorm. | 1 baño		Sin descripción	N/A		https://www.zonaprop.com.ar/propiedades/clasificado/veclapin-departamento-en-venta-en-belgrano-r-capital-federal-57146133.html?n_src=Listado&n_pg=3&n_pos=5	0	0	0	0	0	0	0	0
USD 205.000	$ 240.000 Expensas	Roosevelt 1900 5°	N/A	N/A	Belgrano C, Belgrano	70 m² tot. | 2 amb. | 1 dorm. | 2 baños	Cantidad plantas: 1 | Parrilla | Permite mascotas | Pileta | Solarium | Superficie Semicubierta (m²): 0 | Laundry | Cocina | Comedor de diario | Lavadero | Living comedor | Escritorio | Vestidor | Aire acondicionado | Calefacción	Sin descripción	N/A		https://www.zonaprop.com.ar/propiedades/clasificado/veclapin-venta-departamento-2-ambientes-en-belgrano-c-58012286.html?n_src=Listado&n_pills=Parrilla&n_pg=3&n_pos=6	1	0	1	0	0	0	0	0
USD 280.000	N/A	Castro Barros al	200	0	Almagro, Capital Federal	149 m² tot.	Frente del terreno (mts): 0 | Largo del terreno (mts): 0	Sin descripción	N/A		https://www.zonaprop.com.ar/propiedades/clasificado/vecltrin-terreno-almagro-58098533.html?n_src=Listado&n_pg=3&n_pos=7	0	0	0	0	0	0	0	0
USD 259.000	N/A	Amenabar al	100	0	Palermo Hollywood, Palermo	91 m² tot. | 4 amb. | 3 dorm. | 2 baños	Frente del terreno (mts): 0 | Largo del terreno (mts): 0 | Cantidad plantas: 1 | Permite mascotas | Superficie Semicubierta (m²): 0	Sin descripción	N/A		https://www.zonaprop.com.ar/propiedades/clasificado/veclphin-excelente-ph-reciclado-a-nuevo!.-58320809.html?n_src=Listado&n_pills=Parrilla&n_pg=3&n_pos=9	0	0	0	0	0	0	0	0
USD 320.000	$ 817.000 Expensas	Amenabar al	2100	0	Belgrano, Capital Federal	119 m² tot. | 4 amb. | 3 dorm. | 2 baños | 1 coch.	Cantidad plantas: 1 | Cobertura cochera: Cubierta | Superficie Semicubierta (m²): 2 | Ascensor | Cocina | Comedor de diario | Lavadero | Balcón | Living comedor | Dormitorio en suite	Sin descripción	N/A		https://www.zonaprop.com.ar/propiedades/clasificado/veclapin-venta-de-departamento-de-4-ambientes-con-cochera-y-57998577.html?n_src=Listado&n_pills=Luminoso&n_pg=3&n_pos=10	0	0	0	0	1	0	0	1
USD 560.000	$ 700.000 Expensas	Crámer al	2400	0	Belgrano C, Belgrano	198 m² tot. | 4 amb. | 3 dorm. | 2 baños | 1 coch.	Cantidad plantas: 5 o más | Gimnasio | Pileta | Cobertura cochera: Descubierta | Superficie Semicubierta (m²): 0 | Encargado / Vigilancia | Cocina | Comedor de diario | Dependencia servicio | Terraza | Lavadero | Balcón | Baulera | Living comedor | Aire acondicionado | Vigilancia | SUM	Sin descripción	N/A		https://www.zonaprop.com.ar/propiedades/clasificado/veclapin-excelente-semi-piso-4-amb-con-terraza-propia-cochera-58310445.html?n_src=Listado&n_pills=SUM&n_pg=3&n_pos=11	1	0	1	0	1	1	0	1
USD 1.357.900	N/A	Valle	23	0	Caballito, Capital Federal	257 m² tot.	Encargado / Vigilancia | Cocina | Hall | Vigilancia	Sin descripción	N/A		https://www.zonaprop.com.ar/propiedades/clasificado/vecllcin-donna-ambra-by-azcuy-local-en-caballito-54857506.html?n_src=Listado&n_pills=Encargado&n_pg=3&n_pos=13	0	0	0	0	0	1	0	0
USD 72.000	$ 110.000 Expensas	Av. R. Balbin	2900	0	Coghlan, Capital Federal	37 m² tot. | 2 amb. | 1 dorm. | 1 baño	Cantidad pisos en edificio: 5 | Departamentos por piso: 2 | Cocina | Comedor de diario | Lavadero | Living | Hall | Aire acondicionado	Sin descripción	N/A		https://www.zonaprop.com.ar/propiedades/clasificado/veclapin-departamento-en-venta-en-coghlan-capital-federal-58546922.html?n_src=Listado&n_pills=Terraza&n_pg=3&n_pos=14	0	0	1	0	0	0	0	0
USD 58.000	$ 75.715 Expensas	Valentin Gomez al	2700	0	Balvanera, Capital Federal	31 m² tot. | 1 amb. | 1 dorm. | 1 baño	Cantidad plantas: 5 o más | Superficie Semicubierta (m²): 0 | Ascensor | Cocina | Lavadero | Aire acondicionado	Sin descripción	N/A		https://www.zonaprop.com.ar/propiedades/clasificado/veclapin-venta-precioso-monoambiente-muy-luminoso-en-58702160.html?n_src=Listado&n_pg=3&n_pos=15	0	0	1	0	0	0	0	0
USD 179.000	$ 130.000 Expensas	Yapeyú	800	0	Boedo, Capital Federal	93 m² tot. | 3 amb. | 2 dorm. | 2 baños	Cantidad plantas: 3	Sin descripción	N/A		https://www.zonaprop.com.ar/propiedades/clasificado/veclapin-departamento-duplex-3-ambientes-en-venta-en-boedo-58358675.html?n_src=Listado&n_pills=Parrilla&n_pg=3&n_pos=17	0	0	0	0	0	0	0	0
USD 96.000	$ 150.000 Expensas	San Benito de Palermo e/ Migueletes y Avenida del Libertador	N/A	N/A	Las Cañitas, Palermo	36 m² tot. | 1 amb. | 1 baño	Apto profesional | Cantidad plantas: 1 | Permite mascotas | Superficie Semicubierta (m²): 1 | Ascensor | Cocina | Living comedor | Aire acondicionado | Calefacción	Sin descripción	N/A		https://www.zonaprop.com.ar/propiedades/clasificado/veclapin-departamento-monoambiente-en-venta-1-bano-palermo-58077838.html?n_src=Listado&n_pills=Luminoso&n_pg=3&n_pos=18	0	0	1	0	0	0	0	0
USD 102.346	N/A	AV. Corrientes al	1900	0	Balvanera, Capital Federal	45 m² tot. | 1 amb. | 1 baño	Apto profesional | Cantidad plantas: 5 o más | Parrilla | Gimnasio | Superficie Semicubierta (m²): 0 | Ascensor | Cocina | Balcón | SUM	Sin descripción	N/A		https://www.zonaprop.com.ar/propiedades/clasificado/veclapin-monoambiente-apto-profesional-sobre-av-corrientes-50547447.html?n_src=Listado&n_pills=Terraza&n_pg=3&n_pos=19	1	0	0	0	0	0	0	1
USD 149.600	N/A	Arregui al 2900 - 6 B	N/A	N/A	Villa del Parque, Capital Federal	68 m² tot. | 3 amb. | 2 dorm. | 2 baños	Apto profesional | Cantidad plantas: 5 o más | Parrilla | Solarium | Superficie Semicubierta (m²): 9 | Encargado / Vigilancia | Ascensor | Cocina | Terraza | Living comedor | Dormitorio en suite | Vigilancia	Sin descripción	N/A		https://www.zonaprop.com.ar/propiedades/clasificado/veclapin-venta-3-ambientes-c-balcon-ideal-inversor-villa-55018780.html?n_src=Listado&n_pills=Encargado&n_pg=3&n_pos=21	1	0	0	0	0	1	0	1
USD 380.000	N/A	Asamblea al	500	0	Parque Chacabuco, Capital Federal	230 m² tot. | 5 amb. | 3 dorm. | 2 baños	Frente del terreno (mts): 8 | Largo del terreno (mts): 19 | Cantidad plantas: 3 | Superficie Semicubierta (m²): 0 | Hidromasaje | Cocina | Comedor | Patio | Comedor de diario | Terraza | Lavadero | Living | Living comedor | Dormitorio en suite | Aire acondicionado | Alarma	Sin descripción	N/A		https://www.zonaprop.com.ar/propiedades/clasificado/veclcain-venta-casa-de-5-ambientes-desarrollada-en-3-plantas-58070716.html?n_src=Listado&n_pills=Dormitorio+en+suite&n_pg=3&n_pos=22	0	0	1	0	0	0	0	1
USD 156.907	N/A	Chenaut al	1800	0	Las Cañitas, Palermo	36 m² tot. | 1 amb. | 1 baño	Gimnasio | Pileta | Superficie Semicubierta (m²): 4 | Cocina | Balcón | SUM	Sin descripción	N/A		https://www.zonaprop.com.ar/propiedades/clasificado/veclapin-departamento-monoambiente-en-venta-en-las-canitas-54523863.html?n_src=Listado&n_pills=SUM&n_pg=3&n_pos=23	1	0	0	0	0	0	0	1
USD 700.000	$ 750.000 Expensas	Castañeda al	1800	0	Belgrano, Capital Federal	126 m² tot. | 3 amb. | 3 dorm. | 3 baños | 1 coch.	Cantidad plantas: 1 | Parrilla | Permite mascotas | Gimnasio | Pileta | Cobertura cochera: Descubierta | Solarium | Superficie Semicubierta (m²): 16 | Hidromasaje | Encargado / Vigilancia | Cocina | Dependencia servicio | Lavadero | Balcón | Living | Living comedor | Dormitorio en suite | Vestidor | Aire acondicionado | Sauna | Vigilancia | SUM	Sin descripción	N/A		https://www.zonaprop.com.ar/propiedades/clasificado/veclapin-venta-3-ambientes-escritorio-dependencia-cochera-57121302.html?n_src=Listado&n_pills=Parrilla&n_pg=3&n_pos=24	1	0	1	0	1	1	0	1
USD 230.000	N/A	Albariño	2300	0	Mataderos, Capital Federal	160 m² tot. | 3 amb. | 2 dorm. | 2 baños | 2 coch.	Apto crédito | Acceso para personas con movilidad reducida | Cocina | Comedor de diario | Terraza | Lavadero | Living | Hall | Calefacción	Sin descripción	N/A		https://www.zonaprop.com.ar/propiedades/clasificado/veclcain-casa-en-venta-en-mataderos-capital-federal-buenos-57649515.html?n_src=Listado&n_pills=Dormitorio+en+suite&n_pg=3&n_pos=25	0	0	0	1	1	0	0	1
USD 145.000	N/A	Julián Alvarez 2360 3º B	N/A	N/A	Palermo Soho, Palermo	47 m² tot. | 2 amb. | 1 dorm. | 1 baño	Apto profesional | Cantidad plantas: 1 | Pileta | Solarium | Superficie Semicubierta (m²): 4 | Laundry | Ascensor | Cocina | Lavadero | Balcón | Living comedor | Dormitorio en suite | SUM	Sin descripción	N/A		https://www.zonaprop.com.ar/propiedades/clasificado/veclapin-ambiente-divisible-de-47-m-sup2--en-venta-con-conexion-58725632.html?n_src=Listado&n_pills=SUM&n_pg=3&n_pos=26	1	0	0	0	0	0	0	1
USD 84.800	$ 183.000 Expensas	Combate de los Pozos	1400	0	San Cristobal, Capital Federal	73 m² tot. | 4 amb. | 3 dorm. | 1 baño	Cantidad plantas: 5 o más | Apto crédito	Sin descripción	N/A		https://www.zonaprop.com.ar/propiedades/clasificado/veclapin-departamento-4-ambientes-en-venta-en-san-cristobal-58711357.html?n_src=Listado&n_pills=Terraza&n_pg=3&n_pos=27	0	0	0	1	0	0	0	0
USD 99.000	$ 150.000 Expensas	Torre Bartolome Mitre al	1400	0	Congreso, Capital Federal	43 m² tot. | 1 amb. | 1 dorm. | 1 baño	Apto profesional | Cantidad plantas: 1 | Apto crédito | Permite mascotas | Superficie Semicubierta (m²): 10 | Encargado / Vigilancia | Ascensor | Balcón | Aire acondicionado | Caldera | Vigilancia	Sin descripción	N/A		https://www.zonaprop.com.ar/propiedades/clasificado/veclapin-mono-ambiente-en-torre-con-amenities-montserrat-55928198.html?n_src=Listado&n_pills=Apto+cr%C3%A9dito&n_pg=3&n_pos=28	0	0	1	1	0	1	0	1
USD 1.603.000	N/A	Echeverría al	800	0	Belgrano, Capital Federal	229 m² tot. | 4 amb. | 3 dorm. | 3 baños | 1 coch.	Cantidad plantas: 5 o más | Parrilla | Permite mascotas | Gimnasio | Pileta | Cobertura cochera: Cubierta | Solarium | Superficie Semicubierta (m²): 21 | Hidromasaje | Encargado / Vigilancia | Internet / Wifi | Ascensor | Cocina | Comedor de diario | Terraza | Lavadero | Balcón | Baulera | Living comedor | Dormitorio en suite | Vestidor | Aire acondicionado | Sauna | Calefacción | Vigilancia | SUM	Sin descripción	N/A		https://www.zonaprop.com.ar/propiedades/clasificado/veclapin-h-bajo-belgrano-3-dorm.-en-suite-patio-propio-56122647.html?n_src=Listado&n_pills=Encargado&n_pg=3&n_pos=29	1	0	1	0	1	1	0	1
USD 119.000	$ 1 Expensas	Av Niceto Vega al	5900	0	Palermo Hollywood, Palermo	46 m² tot.	Apto profesional | Cantidad plantas: 1 | Parrilla | Permite mascotas | Solarium | Superficie Semicubierta (m²): 4 | Cocina | Comedor | Balcón | Living | Living comedor | Aire acondicionado | Termotanque	Sin descripción	N/A		https://www.zonaprop.com.ar/propiedades/clasificado/veclapin-venta-departamento-monoambiente-al-frente-46-m-55773275.html?n_src=Listado&n_pills=Parrilla&n_pg=3&n_pos=30	1	0	1	0	0	0	0	1
